Name,Year,Total Population,Growth Rate,Population Density (per sq km),Total Fertility Rate,Life Expectancy at Birth,Under-5 Mortality Rate
Afghanistan,2019,35739709,2.36,54.8,4.92,52.5,162.8
Albania,2019,3072944,0.27,112.2,1.52,78.9,13.4
Algeria,2019,43163934,1.89,18.1,3.1,78.1,23
American Samoa,2019,48456,-2.17,244.7,2.47,74.3,13.7
Andorra,2019,85782,-0.05,183.3,1.42,83,4.3
Angola,2019,31427180,3.45,25.2,6.03,60.9,99.2
Anguilla,2019,17730,1.9,194.8,1.73,81.7,4.7
Antigua and Barbuda,2019,96852,1.2,218.6,1.98,77,18.7
Argentina,2019,45089449,0.87,16.5,2.23,77.6,11.7
Armenia,2019,3030310,-0.27,107.4,1.64,75.4,14.8
Aruba,2019,118056,1.23,655.9,1.83,77.3,15.1
Australia,2019,25113987,1.43,3.3,1.74,82.7,3.8
Austria,2019,8825644,0.37,107,1.49,81.8,4
Azerbaijan,2019,10397396,0.8,125.8,1.83,75.9,12.3
"Bahamas, The",2019,390496,1.08,39,1.43,75.7,13.3
Bahrain,2019,1473724,2.11,"1,939.10",1.71,79.3,12.9
Bangladesh,2019,160947649,0.99,"1,236.40",2.13,73.9,40.4
Barbados,2019,300082,0.32,697.9,1.7,77.9,12.9
Belarus,2019,9657105,-0.15,47.6,1.43,74.7,3.2
Belgium,2019,11635321,0.64,384.3,1.78,81.3,4.1
Belize,2019,386709,1.39,17,2.22,74.9,13.6
Benin,2019,12432985,3.39,112.4,5.56,61,92.1
Bermuda,2019,71537,0.4,"1,324.80",1.92,81.5,3
Bhutan,2019,842110,1.05,21.9,1.84,71.6,36.8
Bolivia,2019,11620835,1.42,10.7,2.54,73.6,27.6
Bosnia and Herzegovina,2019,3840279,-0.19,75,1.32,77.3,6.3
Botswana,2019,2282973,1.49,4,2.49,64.3,35.8
Brazil,2019,213349354,0.78,25.5,1.77,75.9,16.9
Brunei,2019,457173,1.53,86.8,1.76,77.7,12.9
Bulgaria,2019,7011475,-0.65,64.6,1.48,74.9,9.8
Burkina Faso,2019,20286336,2.69,74.1,4.64,62.3,89.3
Burma,2019,55426484,0.98,84.8,2.1,69,44.3
Burundi,2019,11519643,2.71,448.6,5.24,66.4,59.6
Cabo Verde,2019,574799,1.29,142.5,2.19,72.9,30.9
Cambodia,2019,16129716,1.36,91.4,2.42,70.3,40.7
Cameroon,2019,26983060,2.78,57.1,4.69,61.7,80.3
Canada,2019,37350365,0.81,4.1,1.56,83.4,5.2
Cayman Islands,2019,60770,1.95,230.2,1.84,81.5,9.5
Central African Republic,2019,5168685,1.8,8.3,4.19,54,131.1
Chad,2019,16348657,3.19,13,5.79,57.9,117.6
Chile,2019,18053934,0.72,24.3,1.78,79.2,8
China,2019,1400797713,0.32,150.2,1.45,77.7,7.9
Colombia,2019,47829703,1.71,46,1.96,78.4,13.9
Comoros,2019,839591,1.51,375.7,3.08,66.3,83.5
Congo (Brazzaville),2019,5388825,2.34,15.8,4.11,71.6,51.2
Congo (Kinshasa),2019,98580816,3.19,43.5,5.83,60.5,89.1
Cook Islands,2019,8763,-2.64,37.1,2.14,76.4,20.6
Costa Rica,2019,5076609,1.07,99.4,1.6,80.4,7.2
Croatia,2019,4250505,-0.49,75.9,1.42,76.5,11.1
Cuba,2019,11086499,-0.26,101,1.71,79.1,5.4
Curaçao,2019,150827,0.37,339.7,2.01,78.8,9.4
Cyprus,2019,1252725,1.22,135.6,1.47,79.1,10.2
Czechia,2019,10748990,0.41,139.2,1.69,79.3,3.1
Côte d'Ivoire,2019,26858174,2.27,84.5,3.75,60.7,84
Denmark,2019,5841245,0.51,137.7,1.78,81.1,3.7
Djibouti,2019,900897,2.08,38.9,2.23,64.3,67.2
Dominica,2019,74442,0.12,99.1,2.02,77.6,13.8
Dominican Republic,2019,10428436,1.02,215.8,2.37,71.6,27
Ecuador,2019,17264296,2,69.5,2.39,81.8,13.9
Egypt,2019,101973865,2.04,102.4,3.27,73.6,22.4
El Salvador,2019,6427299,0.88,310.2,2.1,74.6,14.8
Equatorial Guinea,2019,1501535,3.97,53.5,4.48,63.4,108.5
Eritrea,2019,6032338,0.92,59.7,3.82,65.9,63.9
Estonia,2019,1236253,-0.63,29.2,1.6,77.2,4.2
Eswatini,2019,1095839,0.81,63.7,2.58,57.9,57.9
Ethiopia,2019,105307253,2.4,96,4.21,66.7,54.2
Faroe Islands,2019,51313,0.6,36.8,2.32,80.7,7.9
Fiji,2019,930476,0.52,50.9,2.34,73.5,18.2
Finland,2019,5556081,0.31,18.3,1.74,81.3,2.6
France,2019,67600653,0.34,105.6,1.91,82.9,4.1
French Polynesia,2019,292560,0.81,76.4,1.85,77.8,13.3
Gabon,2019,2175439,2.56,8.4,3.46,68.5,47
"Gambia, The",2019,2246630,2.48,222,4.2,66.4,63.1
Gaza Strip,2019,1935117,1.69,"5,375.30",3.74,74.7,19.2
Georgia,2019,4990137,-0.03,71.6,2.01,74,21.8
Germany,2019,84486950,0.13,242.3,1.56,81.3,3.9
Ghana,2019,30918261,2.34,135.9,3.8,68.2,48.5
Gibraltar,2019,29400,0.21,"4,200.00",1.93,79.9,7.7
Greece,2019,10638236,-0.3,81.4,1.37,81,4.3
Greenland,2019,57787,0.02,0,1.96,73.1,11.7
Grenada,2019,112735,0.39,327.7,1.98,75,13.8
Guam,2019,168149,0.21,309.1,2.88,76.7,13.8
Guatemala,2019,16856499,1.68,157.3,2.8,72.1,36.4
Guernsey,2019,67003,0.26,859,1.57,82.8,4
Guinea,2019,12186302,2.76,49.6,4.95,62.7,81.2
Guinea-Bissau,2019,1879337,2.5,66.8,4.78,62.1,80
Guyana,2019,785685,0.11,4,2.1,71.1,28.7
Haiti,2019,11024764,1.38,400,2.72,64.8,60.6
Honduras,2019,9057496,-0.1,81,2.53,74.4,18
Hong Kong,2019,7231217,0.25,"6,739.30",1.2,83.2,3.6
Hungary,2019,10052971,-0.08,112.2,1.49,76,5.5
Iceland,2019,347209,1.04,3.5,1.98,83.2,2.6
India,2019,1355597153,1.04,455.9,2.13,71.5,35.4
Indonesia,2019,270532675,0.87,149.3,2.11,72.3,25.2
Iran,2019,84038757,1.15,54.9,1.95,74.7,18.1
Iraq,2019,37998273,2.2,86.9,3.47,72.4,25.2
Ireland,2019,4982689,1.04,72.3,1.69,82.5,3.2
Isle of Man,2019,89840,0.62,157.1,1.91,81.5,5.2
Israel,2019,8689128,1.69,404.2,3.01,82.7,3.7
Italy,2019,61449057,-0.1,208.9,1.17,83.1,3.5
Jamaica,2019,2813989,0.03,259.8,2.08,74.9,14
Japan,2019,125555208,-0.32,344.5,1.36,84.3,2.6
Jersey,2019,100066,0.73,862.6,1.65,82.1,4.7
Jordan,2019,10669125,1.99,120.1,3.09,75.3,17.3
Kazakhstan,2019,19299642,1.22,7.1,2.79,74,12.4
Kenya,2019,52348464,2.22,92,3.51,68.5,42.7
Kiribati,2019,110622,1.09,136.4,2.3,66.9,45.6
"Korea, North",2019,25684705,0.58,213.3,1.87,73.5,20
"Korea, South",2019,51439350,0.26,530.7,1,82.5,3.6
Kosovo,2019,1919978,0.67,176.4,1.97,73.1,29
Kuwait,2019,2957304,1.31,166,2.31,78.5,9.7
Kyrgyzstan,2019,5906824,0.98,30.8,2.56,71.5,31
Laos,2019,7430770,1.49,32.2,2.53,67.7,49
Latvia,2019,1903750,-1.08,30.6,1.53,75.2,6.4
Lebanon,2019,5841037,-5.39,571,1.71,78.1,8.2
Lesotho,2019,2146942,0.71,70.7,3.02,57.5,72.2
Liberia,2019,4806336,2.49,49.9,4.38,61.9,79.7
Libya,2019,6757971,2.01,3.8,3.22,76.4,14
Liechtenstein,2019,38845,0.76,242.8,1.69,82.1,5.1
Lithuania,2019,2768295,-1.03,44.2,1.6,75.3,4.4
Luxembourg,2019,617419,1.83,238.8,1.62,82.6,3.8
Macau,2019,620014,0.87,"22,143.40",1.18,84.6,5.5
Madagascar,2019,26265521,2.41,45.2,3.86,67.2,59.6
Malawi,2019,19337320,2.51,205.5,3.75,71.6,60.3
Malaysia,2019,32800591,1.13,99.8,1.82,75.7,8.3
Maldives,2019,391483,-0.09,"1,313.70",1.72,76.2,35.9
Mali,2019,18985385,2.96,15.6,5.82,61.2,104.4
Malta,2019,453321,0.91,"1,434.60",1.48,82.7,6
Marshall Islands,2019,76632,1.46,423.4,2.92,73.9,28.4
Mauritania,2019,3915212,2.09,3.8,3.72,64.1,83.4
Mauritius,2019,1303751,0.12,642.2,1.34,75,14.3
Mexico,2019,127294489,0.9,65.5,1.88,75.6,14.3
"Micronesia, Federated States of",2019,102937,-0.58,146.6,2.33,73.6,28.8
Moldova,2019,3626590,-1.43,110.3,1.21,70.8,15.2
Monaco,2019,30929,0.41,"15,464.50",1.51,89.3,2
Mongolia,2019,3136806,1.05,2,2,70.5,25.8
Montenegro,2019,612064,-0.36,45.5,1.82,77.1,3.8
Montserrat,2019,5331,0.54,52.3,1.3,75.1,13
Morocco,2019,35701589,1,49.8,2.35,72.9,24.7
Mozambique,2019,29320964,2.63,37.3,5.05,55.2,102.7
Namibia,2019,2581821,1.87,3.1,3.14,65,43.4
Nauru,2019,9684,0.47,461.1,2.72,67,11
Nepal,2019,29910522,0.92,208.7,2.01,71.6,33.4
Netherlands,2019,17303793,0.73,510.5,1.57,82.1,4.2
New Caledonia,2019,286430,1.27,15.7,1.9,78.2,9.5
New Zealand,2019,4854803,1.5,18.4,1.88,82,4.3
Nicaragua,2019,6352079,1.14,52.9,1.93,74.9,19.2
Niger,2019,21944198,3.65,17.3,7.1,58.9,111.5
Nigeria,2019,208640307,2.53,229.1,4.79,59.8,94.6
North Macedonia,2019,2122376,0.16,83.4,1.49,76.1,8.9
Northern Mariana Islands,2019,52048,-0.38,110.3,2.73,75.9,15.3
Norway,2019,5350073,0.73,17.6,1.54,83,2.6
Oman,2019,3554839,1.97,11.5,2.78,76.2,20.5
Pakistan,2019,228674451,2.08,296.6,3.68,68.8,74.1
Palau,2019,21453,0.36,46.7,1.7,73.8,14.5
Panama,2019,4139538,2.09,55.7,2.45,79.3,18.8
Papua New Guinea,2019,8924209,2.47,19.7,4.11,68.5,44.8
Paraguay,2019,7105476,1.17,17.9,1.9,77.7,31.9
Peru,2019,31452824,1.62,24.6,2.29,77.5,13.9
Philippines,2019,108205565,1.58,362.9,2.67,70.9,28.4
Poland,2019,38452869,-0.09,126.4,1.44,77.8,5.2
Portugal,2019,10314630,-0.26,112.8,1.4,81,3.2
Puerto Rico,2019,3241261,-1.62,365.5,1.22,81.1,6.9
Qatar,2019,2409287,1.68,207.9,1.91,79.2,9.9
Romania,2019,19196073,-1.04,83.5,1.72,76.3,6.9
Russia,2019,143877288,-0.11,8.8,1.5,73.1,7.8
Rwanda,2019,12458371,2.15,505,3.64,64.8,38
Saint Barthelemy,2019,7149,-0.28,286,1.64,80,8.8
"Saint Helena, Ascension, and Tristan da Cunha",2019,7890,0.18,20,1.59,79.9,24
Saint Kitts and Nevis,2019,53438,0.69,204.7,1.77,76.4,16.2
Saint Lucia,2019,165634,0.31,273.3,1.74,78.2,14.1
Saint Martin,2019,32427,0.43,600.5,1.81,80,8.7
Saint Pierre and Miquelon,2019,5447,-1.16,22.5,1.58,80.9,10
Saint Vincent and the Grenadines,2019,101537,-0.21,261,1.77,75.9,19.7
Samoa,2019,202450,0.6,71.8,2.57,74.4,24.2
San Marino,2019,34019,0.69,557.7,1.51,83.4,7.5
Sao Tome and Principe,2019,207469,1.59,215.2,3.96,66.1,71.2
Saudi Arabia,2019,33670051,1.64,15.7,2.02,75.9,15.1
Senegal,2019,16549615,2.75,86,4.6,69.1,48.2
Serbia,2019,6902768,-0.54,89.1,1.49,75.3,5.7
Seychelles,2019,95038,0.74,208.9,1.84,75.3,16.5
Sierra Leone,2019,8035721,2.75,112.2,4.11,57.7,104.5
Singapore,2019,5753597,0.99,"8,115.10",1.14,85.8,2
Sint Maarten,2019,43408,1.36,"1,276.70",2.03,78.8,9.4
Slovakia,2019,5487346,0.14,114.1,1.57,77.8,5.9
Slovenia,2019,2102381,0.01,104.3,1.58,81.3,2
Solomon Islands,2019,666359,1.83,23.8,3.03,76,27.4
Somalia,2019,11557634,2.19,18.4,5.61,54.5,149.4
South Africa,2019,57363192,1.19,47.2,2.42,70.4,26.9
South Sudan,2019,10280050,2.63,16,5.65,52,122.1
Spain,2019,46812053,0.85,93.8,1.3,83.2,3.3
Sri Lanka,2019,21247368,0.22,328.8,2.18,76.9,8.2
Sudan,2019,44337528,2.69,23.8,4.79,66.1,66.5
Suriname,2019,610507,1.27,3.9,2.03,72,40.5
Sweden,2019,10311555,0.91,25.1,1.7,83.1,2.5
Switzerland,2019,8525316,0.67,213.1,1.52,83.7,3.6
Syria,2019,18584688,3.86,100,2.96,73.5,19.6
Taiwan,2019,23553634,0.04,730.1,1.05,80.5,5
Tajikistan,2019,9400107,2.23,66.4,3.76,70.8,33.7
Tanzania,2019,58659971,2.88,66.2,4.6,68.9,47.6
Thailand,2019,69082954,0.32,135.2,1.53,76.9,9.2
Timor-Leste,2019,1352065,2.28,90.9,4.56,69,45.9
Togo,2019,7872308,2.58,144.8,4.38,70.2,67
Tonga,2019,106198,-0.15,148.1,2.95,76.9,15.4
Trinidad and Tobago,2019,1405423,-0.87,274.1,1.63,75.2,20
Tunisia,2019,11620878,0.88,74.8,2.12,76.1,14.5
Turkey,2019,81628106,0.48,106.1,1.98,75.4,24
Turkmenistan,2019,5464588,1.07,11.6,2.05,71,49.3
Turks and Caicos Islands,2019,54982,2.04,58,1.7,80.5,14.5
Tuvalu,2019,11252,0.87,432.8,2.9,67.4,50.8
Uganda,2019,41830731,3.33,212.2,5.63,67.7,47
Ukraine,2019,43686413,-0.24,75.4,1.23,71.8,9.7
United Arab Emirates,2019,9720156,0.78,116.3,1.67,79,5.9
United Kingdom,2019,66603767,0.65,275.3,1.62,81.6,4.5
United States,2019,328329953,0.46,35.9,--,--,--
Uruguay,2019,3380460,0.27,19.3,1.78,77.8,11.2
Uzbekistan,2019,33363072,1.95,78.4,2.84,76.5,21.9
Vanuatu,2019,292858,1.75,24,2.88,74.3,18.1
Venezuela,2019,28663911,-1.05,32.5,2.28,71,34.7
Vietnam,2019,100669666,1.09,324.7,2.09,74.9,20.3
"Virgin Islands, British",2019,36397,2.06,241,1.31,79.1,16.5
"Virgin Islands, U.S.",2019,106669,-0.34,306.5,2.05,79.7,9
Wallis and Futuna,2019,15765,0.29,111,1.72,80,4.7
West Bank,2019,2918868,2.25,517.5,3.76,75.7,19.4
Yemen,2019,29216329,2.05,55.3,3.34,66.5,66.3
Zambia,2019,17978611,3,24.2,4.77,65.2,56.6
Zimbabwe,2019,15433591,2.28,39.9,3.67,64.5,54.2
 -> 2020,,--,--,--,--,--,--
Afghanistan,2020,36594776,2.37,56.1,4.82,52.8,160
Albania,2020,3080930,0.25,112.5,1.53,79,13.3
Algeria,2020,43956864,1.76,18.5,3.06,75.4,22.4
American Samoa,2020,47392,-2.28,239.4,2.35,74.8,13.2
Andorra,2020,85722,-0.08,183.2,1.43,83,4.3
Angola,2020,32521837,3.4,26.1,5.96,61.3,96.1
Anguilla,2020,18066,1.87,198.5,1.73,81.8,4.6
Antigua and Barbuda,2020,98012,1.19,221.2,1.97,77.3,18.1
Argentina,2020,45479650,0.85,16.6,2.21,77.8,11.5
Armenia,2020,3021483,-0.31,107.1,1.65,75.6,14.5
Aruba,2020,119496,1.2,663.9,1.83,77.5,14.8
Australia,2020,25467706,1.37,3.3,1.74,82.7,3.7
Austria,2020,8856348,0.32,107.4,1.49,81.9,4
Azerbaijan,2020,10464719,0.5,126.6,1.69,73.1,15.5
"Bahamas, The",2020,394613,1.02,39.4,1.43,75.1,11.9
Bahrain,2020,1504665,2.04,"1,979.80",1.69,79.5,12.8
Bangladesh,2020,162532538,0.97,"1,248.60",2.11,74.2,39.4
Barbados,2020,301001,0.3,700,1.7,78.1,12.7
Belarus,2020,9636175,-0.28,47.5,1.44,74.1,3.4
Belgium,2020,11708235,0.61,386.7,1.77,81.4,4
Belize,2020,392318,1.49,17.2,2.18,72.9,13.3
Benin,2020,12861152,3.38,116.3,5.51,61.4,89.6
Bermuda,2020,71818,0.38,"1,330.00",1.91,81.6,3
Bhutan,2020,850853,1.02,22.2,1.82,71.6,36.8
Bolivia,2020,11775350,1.22,10.9,2.46,72.4,29.1
Bosnia and Herzegovina,2020,3832751,-0.2,74.9,1.34,77.5,6.2
Botswana,2020,2316910,1.46,4.1,2.45,64.8,34.5
Brazil,2020,214752313,0.53,25.7,1.6,74.4,19
Brunei,2020,464145,1.5,88.2,1.75,77.9,12.7
Bulgaria,2020,6965462,-0.67,64.2,1.49,75,9.8
Burkina Faso,2020,20833136,2.63,76.1,4.51,62.7,86.7
Burma,2020,55911155,0.76,85.6,2.07,68.8,44.7
Burundi,2020,11845890,2.87,461.3,5.17,66.7,57.6
Cabo Verde,2020,582153,1.26,144.3,2.16,73.2,30.2
Cambodia,2020,16337185,1.2,92.6,2.32,70.3,40.7
Cameroon,2020,27743599,2.78,58.7,4.66,62.3,77.9
Canada,2020,37649603,0.79,4.1,1.56,83.4,5.2
Cayman Islands,2020,61952,1.91,234.7,1.83,81.6,9.3
Central African Republic,2020,5262642,1.8,8.4,4.14,54.6,128.7
Chad,2020,16875954,3.16,13.4,5.68,58.3,114.5
Chile,2020,18182486,0.7,24.4,1.77,79.3,7.9
China,2020,1404031889,0.14,150.5,1.25,77.7,7.9
Colombia,2020,48419737,0.75,46.6,1.95,76.8,13.7
Comoros,2020,852094,1.44,381.3,2.95,66.6,81.8
Congo (Brazzaville),2020,5521845,2.53,16.2,4.06,71.1,48.3
Congo (Kinshasa),2020,101768560,3.18,44.9,5.77,61,86.3
Cook Islands,2020,8539,-2.55,36.2,2.12,76.6,20.1
Costa Rica,2020,5122939,0.75,100.3,1.44,79.2,8.8
Croatia,2020,4229585,-0.49,75.6,1.43,76.7,11
Cuba,2020,11058573,-0.25,100.7,1.71,79.2,5.4
Curaçao,2020,151370,0.35,340.9,2,79,9.3
Cyprus,2020,1267376,1.17,137.1,1.48,79.3,10
Czechia,2020,10778812,0.14,139.5,1.69,78.8,3
Côte d'Ivoire,2020,27470185,2.24,86.4,3.67,61.3,81.3
Denmark,2020,5868927,0.44,138.3,1.78,81.2,3.7
Djibouti,2020,919627,2.04,39.7,2.19,64.7,65.6
Dominica,2020,74522,0.09,99.2,2.02,77.7,13.7
Dominican Republic,2020,10516103,0.65,217.6,2.09,69.6,30
Ecuador,2020,17550613,1.3,70.7,2.35,75.3,13.9
Egypt,2020,103994537,1.89,104.5,3.11,73.9,21.9
El Salvador,2020,6480810,0.78,312.8,2.09,74.8,14.6
Equatorial Guinea,2020,1561062,3.81,55.7,4.41,63.5,107.8
Eritrea,2020,6088682,0.94,60.3,3.73,66.2,62.5
Estonia,2020,1228296,-0.66,29,1.61,77.4,4.2
Eswatini,2020,1104638,0.79,64.2,2.52,58.6,54.9
Ethiopia,2020,107882961,2.43,98.4,4.14,64.7,57.7
Faroe Islands,2020,51624,0.61,37.1,2.31,80.8,7.8
Fiji,2020,935139,0.48,51.2,2.31,73.7,17.7
Finland,2020,5572355,0.28,18.3,1.74,81.3,2.6
France,2020,67791837,0.23,105.9,1.91,82.2,4.3
French Polynesia,2020,294891,0.78,77.1,1.83,77.9,13
Gabon,2020,2230332,2.42,8.7,3.41,69,44.9
"Gambia, The",2020,2302355,2.42,227.5,4.06,66.8,61.7
Gaza Strip,2020,1972024,2.08,"5,477.80",3.6,72.7,22.7
Georgia,2020,4997628,0.33,71.7,1.97,73.3,23
Germany,2020,84498245,-0.1,242.3,1.57,81.1,4
Ghana,2020,31643281,2.3,139.1,3.76,68.7,47.3
Gibraltar,2020,29459,0.19,"4,208.40",1.92,80,7.6
Greece,2020,10604841,-0.33,81.2,1.38,81.1,4.3
Greenland,2020,57797,0.01,0,1.94,73.4,11.4
Grenada,2020,113165,0.37,329,1.96,75.2,13.6
Guam,2020,168489,0.19,309.7,2.84,77,13.4
Guatemala,2020,17140193,1.66,160,2.72,72.4,35.6
Guernsey,2020,67173,0.24,861.2,1.57,82.8,4
Guinea,2020,12527271,2.76,51,4.92,63.2,78.7
Guinea-Bissau,2020,1927022,2.52,68.5,4.75,62.8,77.5
Guyana,2020,786653,0.14,4,2.08,71.3,27.7
Haiti,2020,11172853,1.29,405.4,2.64,64.4,58.5
Honduras,2020,9100261,1.04,81.3,2.48,71.9,17.7
Hong Kong,2020,7248206,0.22,"6,755.10",1.21,83.2,3.6
Hungary,2020,10026575,-0.45,111.9,1.56,75.4,5.7
Iceland,2020,350773,1,3.5,1.97,83.3,2.6
India,2020,1369541070,1.01,460.6,2.13,70.5,34.4
Indonesia,2020,272856400,0.84,150.6,2.07,72.6,24.6
Iran,2020,84982541,1.09,55.5,1.94,74.9,17.8
Iraq,2020,38828885,2.13,88.8,3.39,72.6,24.6
Ireland,2020,5030214,0.86,73,1.65,82.8,3.1
Isle of Man,2020,90381,0.58,158,1.9,81.6,5.2
Israel,2020,8829355,1.51,410.7,2.9,82.4,3.8
Italy,2020,61337765,-0.26,208.5,1.19,81.6,4.1
Jamaica,2020,2815048,0.05,259.9,2.07,75.2,13.6
Japan,2020,125135727,-0.35,343.3,1.37,84.5,2.6
Jersey,2020,100782,0.7,868.8,1.65,82.2,4.7
Jordan,2020,10819966,0.83,121.8,3.04,75.5,16.9
Kazakhstan,2020,19513854,0.99,7.2,2.61,72.3,10.4
Kenya,2020,53513653,2.18,94,3.43,69,41
Kiribati,2020,111814,1.06,137.9,2.25,67.3,44.6
"Korea, North",2020,25829413,0.54,214.5,1.85,73.4,20.1
"Korea, South",2020,51577174,0.28,532.2,1.08,82.6,3.6
Kosovo,2020,1931888,0.56,177.4,1.95,71.1,34.5
Kuwait,2020,2995271,1.24,168.1,2.26,78.7,9.5
Kyrgyzstan,2020,5963777,0.94,31.1,2.54,71.8,30.3
Laos,2020,7539569,1.42,32.7,2.46,67.7,49
Latvia,2020,1883186,-1.09,30.3,1.53,75.4,6.3
Lebanon,2020,5463514,-8.06,534.1,1.71,78.3,8.1
Lesotho,2020,2162195,0.7,71.2,2.98,58.2,69.2
Liberia,2020,4933811,2.74,51.2,4.31,61.6,77.9
Libya,2020,6890637,1.88,3.9,3.17,76.7,13.6
Liechtenstein,2020,39137,0.74,244.6,1.69,82.2,5
Lithuania,2020,2739816,-1.04,43.7,1.6,75.4,4.4
Luxembourg,2020,628615,1.76,243.1,1.62,82.6,3.8
Macau,2020,625295,0.83,"22,332.00",1.2,84.6,5.5
Madagascar,2020,26898646,2.36,46.3,3.78,67.6,58.3
Malawi,2020,19822929,2.45,210.7,3.62,71.9,58.4
Malaysia,2020,33164013,1.08,100.9,1.78,75.6,8.3
Maldives,2020,391104,-0.1,"1,312.40",1.71,76.4,35.1
Mali,2020,19552681,2.93,16,5.72,61.6,101.2
Malta,2020,457270,0.83,"1,447.10",1.49,82.8,6
Marshall Islands,2020,77741,1.41,429.5,2.86,74.1,27.7
Mauritania,2020,3997059,2.05,3.9,3.65,64.5,81.6
Mauritius,2020,1305308,0.12,643,1.34,74.3,14.9
Mexico,2020,128092570,0.35,65.9,1.56,71,13.4
"Micronesia, Federated States of",2020,102320,-0.62,145.8,2.29,73.9,28.1
Moldova,2020,3587186,-0.76,109.1,1.22,69.8,16.2
Monaco,2020,31066,0.47,"15,533.00",1.52,89.3,2
Mongolia,2020,3168648,0.98,2,1.95,70.8,25.3
Montenegro,2020,609786,-0.38,45.3,1.82,77.3,3.7
Montserrat,2020,5359,0.52,52.5,1.3,75.3,12.5
Morocco,2020,36055311,0.97,50.3,2.33,73.1,24.1
Mozambique,2020,30097734,2.6,38.3,4.97,55.9,99.8
Namibia,2020,2627111,1.61,3.2,3.07,60.7,47.1
Nauru,2020,9728,0.43,463.2,2.68,67.3,10.8
Nepal,2020,30175326,0.84,210.5,1.96,71.8,32.6
Netherlands,2020,17400890,0.39,513.4,1.54,81.2,4.4
New Caledonia,2020,290033,1.24,15.9,1.88,78.4,9.4
New Zealand,2020,4925334,1.39,18.6,1.87,82.1,4.3
Nicaragua,2020,6418878,0.96,53.5,1.91,72.5,18.3
Niger,2020,22759615,3.65,18,7,59.3,109.3
Nigeria,2020,213986428,2.53,235,4.72,60.4,91.6
North Macedonia,2020,2125463,0.13,83.6,1.5,76.3,8.7
Northern Mariana Islands,2020,51851,-0.38,109.9,2.69,76.1,15
Norway,2020,5381527,0.44,17.7,1.48,83.2,2.1
Oman,2020,3624823,1.93,11.7,2.76,76.4,20.1
Pakistan,2020,233431156,2.04,302.8,3.6,69.1,72.3
Palau,2020,21532,0.37,46.9,1.7,74.1,14.2
Panama,2020,4210487,1.32,56.6,2.43,77.4,21.9
Papua New Guinea,2020,9145715,2.43,20.2,4.05,68.8,43.7
Paraguay,2020,7188930,1.16,18.1,1.89,77.9,31.3
Peru,2020,31867270,1.01,24.9,2.26,69.8,13.7
Philippines,2020,110461801,2.54,370.5,3.46,70.8,28.3
Poland,2020,38375246,-0.31,126.1,1.39,76.3,5.8
Portugal,2020,10288283,-0.25,112.5,1.41,81.1,3.2
Puerto Rico,2020,3190410,-1.55,359.7,1.22,81.3,6.8
Qatar,2020,2447179,1.44,211.2,1.9,79.3,9.8
Romania,2020,18986068,-1.16,82.6,1.69,74.8,7.1
Russia,2020,143487955,-0.44,8.8,1.51,71.3,8.6
Rwanda,2020,12709485,1.85,515.2,3.52,65.1,37.1
Saint Barthelemy,2020,7131,-0.22,285.2,1.64,80.1,8.6
"Saint Helena, Ascension, and Tristan da Cunha",2020,7903,0.16,20.1,1.6,80,23.5
Saint Kitts and Nevis,2020,53799,0.66,206.1,1.77,76.6,15.8
Saint Lucia,2020,166141,0.3,274.2,1.73,78.5,13.8
Saint Martin,2020,32560,0.39,603,1.81,80.1,8.6
Saint Pierre and Miquelon,2020,5384,-1.17,22.2,1.58,81,9.8
Saint Vincent and the Grenadines,2020,101334,-0.19,260.5,1.76,76.2,19.3
Samoa,2020,203662,0.6,72.2,2.5,74.7,23.7
San Marino,2020,34247,0.65,561.4,1.51,83.5,7.4
Sao Tome and Principe,2020,210728,1.53,218.6,3.82,66.4,69.7
Saudi Arabia,2020,34223743,1.62,15.9,1.99,76.2,14.8
Senegal,2020,17005241,2.68,88.3,4.48,69.4,47.1
Serbia,2020,6856660,-0.8,88.5,1.45,73.9,5.6
Seychelles,2020,95726,0.71,210.4,1.83,75.6,16.1
Sierra Leone,2020,8256139,2.66,115.3,3.99,58.1,101.7
Singapore,2020,5810285,0.97,"8,195.00",1.14,86,2
Sint Maarten,2020,43991,1.31,"1,293.90",2.02,78.8,9.4
Slovakia,2020,5492134,0.04,114.2,1.59,77,6.3
Slovenia,2020,2102452,0,104.3,1.59,81.4,2
Solomon Islands,2020,678494,1.78,24.2,2.97,76.2,26.9
Somalia,2020,11818529,2.27,18.8,5.51,54.9,146.6
South Africa,2020,58012938,1.07,47.8,2.42,68.2,29.8
South Sudan,2020,10560984,2.76,16.4,5.54,55.5,111.1
Spain,2020,47041387,0.13,94.3,1.24,82.1,3.1
Sri Lanka,2020,21367989,0.91,330.6,2.18,77.1,8.1
Sudan,2020,45544096,2.68,24.5,4.72,66.5,65
Suriname,2020,618093,1.2,4,1.96,72.1,40.1
Sweden,2020,10382678,0.47,25.3,1.66,82.5,2.8
Switzerland,2020,8585698,0.74,214.7,1.52,83.1,4.2
Syria,2020,19392460,4.63,104.3,2.9,73.7,19.2
Taiwan,2020,23563036,0.04,730.4,1.06,80.7,4.9
Tajikistan,2020,9603246,2.05,67.9,3.72,68.5,32.8
Tanzania,2020,60362612,2.84,68.1,4.51,69.6,45.1
Thailand,2020,69291926,0.29,135.6,1.54,77.2,9
Timor-Leste,2020,1382948,2.24,93,4.44,69.3,44.7
Togo,2020,8076517,2.54,148.5,4.33,70.6,64.4
Tonga,2020,106010,-0.2,147.9,2.87,77,15.2
Trinidad and Tobago,2020,1400824,0.22,273.2,1.63,75.4,19.6
Tunisia,2020,11719458,0.81,75.4,2.06,76.3,14.2
Turkey,2020,82009212,0.45,106.6,1.96,75.7,23.4
Turkmenistan,2020,5522684,1.04,11.8,2.04,71.3,48.1
Turks and Caicos Islands,2020,56095,1.97,59.2,1.7,80.4,14.7
Tuvalu,2020,11350,0.86,436.5,2.88,67.8,49.6
Uganda,2020,43249944,3.34,219.4,5.54,68.2,45.2
Ukraine,2020,43508029,-0.58,75.1,1.22,71.2,10.1
United Arab Emirates,2020,9792173,0.69,117.1,1.66,79.2,5.8
United Kingdom,2020,67022855,0.61,277,1.62,81.7,4.4
United States,2020,331511512,--,36.2,--,--,--
Uruguay,2020,3389361,0.26,19.4,1.77,77.9,11
Uzbekistan,2020,34014838,1.92,80,2.97,75.4,24.3
Vanuatu,2020,297953,1.7,24.4,2.79,74.6,17.6
Venezuela,2020,28612153,0.69,32.4,2.26,71,34.7
Vietnam,2020,101745119,1.04,328.1,2.08,75,19.9
"Virgin Islands, British",2020,37146,2.01,246,1.33,79.2,16.2
"Virgin Islands, U.S.",2020,106290,-0.38,305.4,2.03,79.8,8.9
Wallis and Futuna,2020,15809,0.28,111.3,1.71,80.2,4.6
West Bank,2020,2983867,2.16,529.1,3.7,74,22.8
Yemen,2020,29810956,1.98,56.5,3.2,66.9,64.8
Zambia,2020,18523385,2.97,24.9,4.7,65.6,55.5
Zimbabwe,2020,15787762,2.26,40.8,3.65,65.5,52.2
 -> 2021,,--,--,--,--,--,--
Afghanistan,2021,37466414,2.34,57.4,4.72,53.3,157
Albania,2021,3088385,0.24,112.7,1.53,79.2,13
Algeria,2021,44741234,1.78,18.8,3.03,77.5,21.9
American Samoa,2021,46366,-2.1,234.2,2.28,75.1,12.9
Andorra,2021,85645,-0.1,183,1.44,83.2,4.2
Angola,2021,33642646,3.38,27,5.9,61.7,93
Anguilla,2021,18403,1.84,202.2,1.72,82,4.5
Antigua and Barbuda,2021,99175,1.17,223.9,1.96,77.6,17.7
Argentina,2021,45864941,0.84,16.8,2.2,78.1,11.2
Armenia,2021,3011609,-0.35,106.8,1.65,75.9,14.1
Aruba,2021,120917,1.17,671.8,1.83,77.8,14.4
Australia,2021,25809973,1.31,3.4,1.74,82.9,3.7
Austria,2021,8884864,0.32,107.8,1.5,82.1,3.9
Azerbaijan,2021,10513772,0.44,127.2,1.69,73.1,15.5
"Bahamas, The",2021,398404,0.89,39.8,1.43,73.2,11.4
Bahrain,2021,1526929,0.9,"2,009.10",1.68,79.7,12.5
Bangladesh,2021,164098818,0.95,"1,260.70",2.1,74.4,38.4
Barbados,2021,301865,0.28,702,1.7,78.3,12.4
Belarus,2021,9607168,-0.32,47.3,1.44,74.2,3.3
Belgium,2021,11778842,0.59,389,1.77,81.7,4
Belize,2021,398043,1.41,17.5,2.15,72.3,13.2
Benin,2021,13301694,3.36,120.2,5.47,61.8,86.9
Bermuda,2021,72084,0.36,"1,334.90",1.91,81.8,2.9
Bhutan,2021,859364,0.98,22.4,1.8,71.6,36.8
Bolivia,2021,11917267,1.17,11,2.39,72.5,27.7
Bosnia and Herzegovina,2021,3824782,-0.21,74.7,1.35,77.7,6.1
Botswana,2021,2350667,1.43,4.1,2.42,65.2,33.3
Brazil,2021,215903281,0.54,25.8,1.6,75.2,17.9
Brunei,2021,471103,1.48,89.5,1.75,78.1,12.4
Bulgaria,2021,6919180,-0.67,63.8,1.49,75.3,9.5
Burkina Faso,2021,21382659,2.58,78.1,4.39,63.1,84
Burma,2021,56301989,0.63,86.2,2.05,68.7,45.2
Burundi,2021,12241065,3.68,476.7,5.1,67.1,55.7
Cabo Verde,2021,589451,1.24,146.2,2.14,73.5,29.5
Cambodia,2021,16528811,1.13,93.6,2.28,70.3,40.7
Cameroon,2021,28524175,2.77,60.3,4.61,62.8,75.4
Canada,2021,37943231,0.77,4.2,1.57,83.6,5.1
Cayman Islands,2021,63131,1.87,239.1,1.83,81.8,9.1
Central African Republic,2021,5357984,1.79,8.6,4.09,55.1,126.7
Chad,2021,17414108,3.12,13.8,5.57,58.7,111.4
Chile,2021,18307925,0.68,24.6,1.76,79.6,7.8
China,2021,1407098834,0.3,150.9,1.5,77.7,7.9
Colombia,2021,48757939,0.64,46.9,1.95,74.9,13.8
Comoros,2021,864335,1.41,386.7,2.86,66.9,80.2
Congo (Brazzaville),2021,5666887,2.65,16.6,3.99,70.7,46.6
Congo (Kinshasa),2021,105044646,3.16,46.3,5.7,61.4,83.6
Cook Islands,2021,8327,-2.46,35.3,2.09,76.9,19.6
Costa Rica,2021,5157007,0.58,101,1.34,77.5,9.6
Croatia,2021,4208973,-0.48,75.2,1.44,77,10.7
Cuba,2021,11032343,-0.23,100.5,1.71,79.4,5.3
Curaçao,2021,151885,0.33,342.1,1.99,79.2,9
Cyprus,2021,1281506,1.11,138.7,1.48,79.5,9.8
Czechia,2021,10797500,0.2,139.8,1.75,77.5,3.4
Côte d'Ivoire,2021,28088455,2.21,88.3,3.6,61.8,78.7
Denmark,2021,5894687,0.44,138.9,1.77,81.5,3.6
Djibouti,2021,938413,2.01,40.5,2.17,65,64.4
Dominica,2021,74584,0.07,99.3,2.02,78,13.3
Dominican Republic,2021,10585919,0.67,219.1,2.1,70.3,29.6
Ecuador,2021,17761236,1.09,71.5,2.31,74.9,14
Egypt,2021,105919663,1.78,106.4,2.99,74.2,21.4
El Salvador,2021,6528135,0.67,315,2.07,75.1,14.3
Equatorial Guinea,2021,1620289,3.65,57.8,4.34,63.6,107.1
Eritrea,2021,6147398,0.98,60.9,3.65,66.5,61.1
Estonia,2021,1220042,-0.69,28.8,1.61,77.6,4.1
Eswatini,2021,1113276,0.77,64.7,2.48,59.1,52.7
Ethiopia,2021,110408120,2.2,100.7,4.07,61.7,64
Faroe Islands,2021,51943,0.62,37.3,2.3,81,7.7
Fiji,2021,939535,0.46,51.4,2.28,74,17.3
Finland,2021,5587442,0.26,18.4,1.74,81.6,2.6
France,2021,67945112,0.22,106.1,1.91,82.3,4.2
French Polynesia,2021,297154,0.75,77.6,1.82,78.2,12.7
Gabon,2021,2284912,2.41,8.9,3.36,69.4,43.3
"Gambia, The",2021,2357958,2.36,233,3.93,67.2,60.3
Gaza Strip,2021,2012914,2.02,"5,591.40",3.6,69.7,29.1
Georgia,2021,4988990,-0.68,71.6,1.98,71.3,26.6
Germany,2021,84409193,-0.11,242.1,1.57,81.3,3.9
Ghana,2021,32372889,2.26,142.3,3.71,69,46.2
Gibraltar,2021,29516,0.19,"4,216.60",1.91,80.2,7.5
Greece,2021,10569703,-0.34,80.9,1.39,81.3,4.2
Greenland,2021,57799,-0.01,0,1.92,73.7,11.2
Grenada,2021,113570,0.35,330.1,1.95,75.5,13.3
Guam,2021,168801,0.18,310.3,2.81,77.3,13.1
Guatemala,2021,17422821,1.62,162.6,2.67,72.6,34.8
Guernsey,2021,67334,0.24,863.3,1.58,83,3.9
Guinea,2021,12877894,2.76,52.4,4.89,63.5,76.3
Guinea-Bissau,2021,1976187,2.52,70.3,4.72,63.3,75
Guyana,2021,787971,0.19,4,2.07,71.6,27
Haiti,2021,11322401,1.37,410.8,2.59,63.3,56.5
Honduras,2021,9188928,0.9,82.1,2.44,69.4,17.4
Hong Kong,2021,7263234,0.2,"6,769.10",1.22,83.4,3.5
Hungary,2021,9971543,-0.66,111.3,1.59,74,6.2
Iceland,2021,354234,0.97,3.5,1.96,83.5,2.6
India,2021,1380721926,0.62,464.4,2.13,66.8,34.1
Indonesia,2021,275122131,0.81,151.9,2.04,72.8,24.1
Iran,2021,85888910,1.03,56.1,1.93,75.1,17.5
Iraq,2021,39650145,2.06,90.7,3.32,72.9,24.1
Ireland,2021,5070166,0.72,73.6,1.72,82.6,3.4
Isle of Man,2021,90895,0.55,158.9,1.9,81.8,5.1
Israel,2021,8968042,1.6,417.2,3,81.9,4
Italy,2021,61196793,-0.2,208.1,1.2,82.1,3.9
Jamaica,2021,2816602,0.06,260.1,2.06,75.5,13.3
Japan,2021,124687293,-0.37,342.1,1.38,84.7,2.6
Jersey,2021,101476,0.67,874.8,1.66,82.4,4.6
Jordan,2021,10909567,0.82,122.9,3,75.8,16.5
Kazakhstan,2021,19707245,0.99,7.3,2.6,72.5,10.2
Kenya,2021,54685051,2.15,96.1,3.36,69.3,39.6
Kiribati,2021,113001,1.05,139.3,2.23,67.6,43.6
"Korea, North",2021,25964628,0.51,215.6,1.84,73.4,20.1
"Korea, South",2021,51715162,0.26,533.6,1.09,82.8,3.5
Kosovo,2021,1942251,0.51,178.4,1.92,70.1,37.4
Kuwait,2021,3032065,1.2,170.2,2.25,78.9,9.4
Kyrgyzstan,2021,6018789,0.9,31.4,2.52,72.1,29.6
Laos,2021,7645472,1.37,33.1,2.41,67.7,49
Latvia,2021,1862687,-1.1,29.9,1.54,75.7,6.2
Lebanon,2021,5261372,0.68,514.3,1.71,78.5,7.9
Lesotho,2021,2177740,0.73,71.7,2.95,58.9,66.3
Liberia,2021,5062592,2.41,52.6,4.22,60.7,76.6
Libya,2021,7017224,1.76,4,3.13,76.9,13.3
Liechtenstein,2021,39425,0.73,246.4,1.69,82.4,4.9
Lithuania,2021,2711566,-1.04,43.3,1.61,75.6,4.4
Luxembourg,2021,639589,1.7,247.3,1.63,82.8,3.8
Macau,2021,630396,0.79,"22,514.10",1.21,84.8,5.4
Madagascar,2021,27534354,2.31,47.3,3.7,67.9,57.1
Malawi,2021,20308502,2.39,215.9,3.51,72.2,56.9
Malaysia,2021,33519406,1.06,102,1.76,75.9,8.2
Maldives,2021,390669,-0.12,"1,311.00",1.71,76.7,34.1
Mali,2021,20137527,2.97,16.5,5.63,62,98
Malta,2021,460891,0.75,"1,458.50",1.5,83,5.8
Marshall Islands,2021,78831,1.37,435.5,2.81,74.4,27.1
Mauritania,2021,4079284,2.02,4,3.59,64.9,79.8
Mauritius,2021,1306837,0.11,643.8,1.34,74.6,14.6
Mexico,2021,128569498,0.4,66.1,1.62,71.1,13.4
"Micronesia, Federated States of",2021,101675,-0.64,144.8,2.27,74.2,27.4
Moldova,2021,3563449,-0.57,108.3,1.23,69,17.1
Monaco,2021,31223,0.53,"15,611.50",1.52,89.4,2
Mongolia,2021,3198913,0.93,2.1,1.93,71.1,24.7
Montenegro,2021,607414,-0.4,45.2,1.82,77.5,3.7
Montserrat,2021,5387,0.52,52.8,1.31,75.5,12.1
Morocco,2021,36400581,0.94,50.8,2.31,73.4,23.5
Mozambique,2021,30888034,2.58,39.3,4.89,56.5,96.9
Namibia,2021,2669568,1.6,3.2,3.03,61.1,46.1
Nauru,2021,9770,0.42,465.2,2.65,67.6,10.6
Nepal,2021,30424878,0.81,212.2,1.93,72.1,31.9
Netherlands,2021,17493062,0.66,516.1,1.6,81.3,4.4
New Caledonia,2021,293608,1.22,16.1,1.87,78.6,9.1
New Zealand,2021,4991442,1.28,18.9,1.87,82.3,4.2
Nicaragua,2021,6482693,1.02,54,1.89,74.1,17.8
Niger,2021,23605767,3.65,18.6,6.91,59.7,107
Nigeria,2021,219463862,2.53,241,4.67,60.9,88.7
North Macedonia,2021,2128262,0.13,83.7,1.51,76.6,8.6
Northern Mariana Islands,2021,51659,-0.36,109.4,2.66,76.3,14.6
Norway,2021,5410267,0.62,17.8,1.56,83.2,2.2
Oman,2021,3694755,1.89,11.9,2.73,76.6,19.6
Pakistan,2021,238181034,1.99,309,3.53,69.4,70.6
Palau,2021,21613,0.38,47.1,1.7,74.4,13.9
Panama,2021,4271368,1.55,57.5,2.41,76.8,23
Papua New Guinea,2021,9368881,2.39,20.7,3.98,69.1,42.6
Paraguay,2021,7272639,1.15,18.3,1.89,78.1,30.4
Peru,2021,32110270,0.51,25.1,2.23,68.9,13.9
Philippines,2021,112771402,1.61,378.2,2.79,69.8,28.7
Poland,2021,38184917,-0.68,125.5,1.3,73.7,6.8
Portugal,2021,10263850,-0.23,112.2,1.42,81.3,3.1
Puerto Rico,2021,3142779,-1.46,354.4,1.23,81.5,6.7
Qatar,2021,2479995,1.23,214.1,1.9,79.6,9.5
Romania,2021,18748356,-1.36,81.6,1.63,73.4,7.9
Russia,2021,142847266,-0.46,8.7,1.51,71.6,8.5
Rwanda,2021,12943132,1.8,524.7,3.42,65.5,36
Saint Barthelemy,2021,7116,-0.2,284.6,1.64,80.4,8.5
"Saint Helena, Ascension, and Tristan da Cunha",2021,7915,0.14,20.1,1.6,80.3,22.8
Saint Kitts and Nevis,2021,54149,0.64,207.5,1.77,76.8,15.5
Saint Lucia,2021,166637,0.3,275,1.73,78.7,13.5
Saint Martin,2021,32680,0.36,605.2,1.8,80.4,8.5
Saint Pierre and Miquelon,2021,5321,-1.2,22,1.58,81.2,9.6
Saint Vincent and the Grenadines,2021,101145,-0.18,260,1.75,76.4,18.8
Samoa,2021,204898,0.61,72.6,2.46,74.9,23.3
San Marino,2021,34467,0.63,565,1.52,83.7,7.2
Sao Tome and Principe,2021,213948,1.5,221.9,3.69,66.7,68.1
Saudi Arabia,2021,34783757,1.62,16.2,1.95,76.4,14.4
Senegal,2021,17462980,2.63,90.7,4.38,69.7,46
Serbia,2021,6796857,-0.95,87.7,1.46,72.9,6
Seychelles,2021,96387,0.67,211.8,1.82,75.8,15.7
Sierra Leone,2021,8475149,2.58,118.3,3.9,58.5,100.1
Singapore,2021,5866139,0.95,"8,273.80",1.15,86.2,2
Sint Maarten,2021,44564,1.28,"1,310.70",2,79,9.2
Slovakia,2021,5487789,-0.2,114.1,1.6,75,7.1
Slovenia,2021,2102106,-0.03,104.3,1.59,81.6,2
Solomon Islands,2021,690598,1.75,24.7,2.92,76.5,26.2
Somalia,2021,12094640,2.35,19.3,5.41,55.3,143.9
South Africa,2021,58576104,0.87,48.2,2.38,66,29.7
South Sudan,2021,10984074,5.05,17,5.43,58.6,101.2
Spain,2021,47103121,0.13,94.4,1.26,82.3,3
Sri Lanka,2021,21561725,0.9,333.6,2.17,76.3,8
Sudan,2021,46751152,2.55,25.1,4.66,66.8,63.5
Suriname,2021,625420,1.16,4,1.94,72.3,39.6
Sweden,2021,10432235,0.49,25.4,1.67,82.6,2.8
Switzerland,2021,8653376,0.83,216.4,1.58,83.6,3.6
Syria,2021,20384316,5.32,109.7,2.85,74,18.7
Taiwan,2021,23572052,0.04,730.7,1.07,81,4.8
Tajikistan,2021,9800332,2.01,69.3,3.68,69.5,32
Tanzania,2021,62092761,2.81,70.1,4.45,69.9,44.2
Thailand,2021,69480520,0.26,136,1.54,77.4,8.9
Timor-Leste,2021,1413958,2.19,95.1,4.32,69.6,43.7
Togo,2021,8283189,2.51,152.3,4.28,71,62
Tonga,2021,105780,-0.23,147.5,2.81,77.3,14.8
Trinidad and Tobago,2021,1403505,0.17,273.7,1.63,75.7,19.1
Tunisia,2021,11811335,0.75,76,2.03,76.6,13.9
Turkey,2021,82482383,0.7,107.2,1.94,76,22.8
Turkmenistan,2021,5579889,1.02,11.9,2.04,71.5,46.9
Turks and Caicos Islands,2021,57196,1.91,60.3,1.7,80.6,14.4
Tuvalu,2021,11448,0.85,440.3,2.86,68.1,48.4
Uganda,2021,44712143,3.31,226.9,5.45,68.6,43.6
Ukraine,2021,43127334,-1.18,74.4,1.22,68.3,11.8
United Arab Emirates,2021,9856612,0.62,117.9,1.65,79.4,5.7
United Kingdom,2021,67419123,0.57,278.7,1.63,81.8,4.4
United States,2021,332031554,0.16,36.3,--,--,--
Uruguay,2021,3398239,0.26,19.4,1.76,78.2,10.8
Uzbekistan,2021,34694004,2.03,81.6,3.24,75.4,24.3
Vanuatu,2021,303009,1.67,24.9,2.72,74.9,17.2
Venezuela,2021,29069153,2.46,33,2.24,72.2,27.1
Vietnam,2021,102789598,1,331.5,2.06,75.3,19.5
"Virgin Islands, British",2021,37891,1.96,250.9,1.34,79.4,15.7
"Virgin Islands, U.S.",2021,105870,-0.42,304.2,2.01,80.1,8.7
Wallis and Futuna,2021,15851,0.26,111.6,1.71,80.5,4.5
West Bank,2021,3046655,2.01,540.2,3.65,71,30
Yemen,2021,30399243,1.93,57.6,3.1,67.2,63.3
Zambia,2021,19077816,2.93,25.7,4.63,65.9,54.4
Zimbabwe,2021,16138294,2.14,41.7,3.6,65.3,50.8
 -> 2022,,--,--,--,--,--,--
Afghanistan,2022,38346720,2.3,58.8,4.62,53.7,154.1
Albania,2022,3095344,0.22,113,1.54,79.5,12.7
Algeria,2022,45525932,1.7,19.1,3,77.7,21.8
American Samoa,2022,45443,-1.92,229.5,2.21,75.3,12.7
Andorra,2022,85560,-0.1,182.8,1.45,83.4,4.1
Angola,2022,34795287,3.36,27.9,5.83,62.1,90
Anguilla,2022,18741,1.8,205.9,1.72,82.2,4.5
Antigua and Barbuda,2022,100335,1.15,226.5,1.95,77.8,17.3
Argentina,2022,46245668,0.82,16.9,2.18,78.3,11
Armenia,2022,3000756,-0.38,106.4,1.65,76.1,13.8
Aruba,2022,122320,1.14,679.6,1.83,78,14
Australia,2022,26141369,1.25,3.4,1.73,83.1,3.6
Austria,2022,8913088,0.32,108.1,1.51,82.3,3.9
Azerbaijan,2022,10559462,0.43,127.8,1.69,73.9,14.5
"Bahamas, The",2022,402272,1.04,40.2,1.44,75.6,11.4
Bahrain,2022,1540558,0.88,"2,027.00",1.67,79.9,12.1
Bangladesh,2022,165650475,0.93,"1,272.60",2.09,74.7,37.4
Barbados,2022,302674,0.26,703.9,1.7,78.6,12.1
Belarus,2022,9574832,-0.35,47.2,1.44,74.4,3.3
Belgium,2022,11847338,0.57,391.3,1.77,81.9,3.9
Belize,2022,403789,1.46,17.7,2.12,73,13.1
Benin,2022,13754688,3.34,124.3,5.43,62.2,84.3
Bermuda,2022,72337,0.34,"1,339.60",1.9,82,2.9
Bhutan,2022,867775,0.97,22.6,1.79,72.3,34.8
Bolivia,2022,12054379,1.12,11.1,2.33,72.5,27.7
Bosnia and Herzegovina,2022,3816459,-0.22,74.6,1.36,78,5.9
Botswana,2022,2384246,1.4,4.2,2.39,65.6,32.3
Brazil,2022,217240060,0.7,26,1.8,75.9,16.8
Brunei,2022,478054,1.45,90.8,1.74,78.4,12.1
Bulgaria,2022,6873253,-0.67,63.4,1.5,75.6,9.4
Burkina Faso,2022,21935389,2.53,80.1,4.27,63.4,81.4
Burma,2022,56691889,0.75,86.8,2.02,69.2,43.3
Burundi,2022,12696478,3.63,494.4,5.03,67.4,53.9
Cabo Verde,2022,596707,1.21,148,2.13,73.8,28.7
Cambodia,2022,16713015,1.08,94.7,2.24,70.7,39.5
Cameroon,2022,29321637,2.75,62,4.55,63.3,73.1
Canada,2022,38232593,0.75,4.2,1.57,83.8,5.1
Cayman Islands,2022,64309,1.83,243.6,1.82,82,8.9
Central African Republic,2022,5454533,1.78,8.8,4.04,55.5,124.6
Chad,2022,17963211,3.09,14.3,5.46,59.2,108.3
Chile,2022,18430408,0.66,24.8,1.76,79.8,7.6
China,2022,1410539758,0.19,151.2,1.45,77.7,7.9
Colombia,2022,49059221,0.59,47.2,1.95,74.9,13.8
Comoros,2022,876437,1.37,392.1,2.78,67.2,78.5
Congo (Brazzaville),2022,5812224,2.41,17,3.92,71.5,45.4
Congo (Kinshasa),2022,108407721,3.14,47.8,5.63,61.8,81.1
Cook Islands,2022,8128,-2.39,34.4,2.07,77.1,19.1
Costa Rica,2022,5190148,0.7,101.6,1.37,79,8.4
Croatia,2022,4188853,-0.47,74.8,1.45,77.2,10.5
Cuba,2022,11008112,-0.21,100.2,1.71,79.6,5.2
Curaçao,2022,152379,0.32,343.2,1.98,79.4,8.8
Cyprus,2022,1295102,1.06,140.1,1.48,79.7,9.6
Czechia,2022,10816746,0.15,140,1.74,77.9,3.3
Côte d'Ivoire,2022,28713423,2.19,90.3,3.53,62.3,76.2
Denmark,2022,5920767,0.44,139.5,1.77,81.7,3.6
Djibouti,2022,957273,1.97,41.3,2.15,65.3,63.1
Dominica,2022,74629,0.05,99.4,2.02,78.2,13
Dominican Republic,2022,10658862,0.7,220.6,2.12,71.1,28.3
Ecuador,2022,17951090,1.04,72.3,2.28,74.9,14
Egypt,2022,107770524,1.68,108.3,2.88,74.5,20.8
El Salvador,2022,6568745,0.57,317,2.05,75.4,14
Equatorial Guinea,2022,1679172,3.5,59.9,4.26,63.7,106.4
Eritrea,2022,6209262,1.03,61.5,3.58,66.9,59.8
Estonia,2022,1211524,-0.71,28.6,1.61,77.9,4.1
Eswatini,2022,1121761,0.75,65.2,2.44,59.7,50.7
Ethiopia,2022,112996046,2.43,103,3.99,66.6,49.7
Faroe Islands,2022,52269,0.63,37.5,2.29,81.3,7.5
Fiji,2022,943737,0.44,51.6,2.26,74.3,16.9
Finland,2022,5601547,0.24,18.4,1.74,81.8,2.6
France,2022,68092884,0.21,106.3,1.9,82.4,4.2
French Polynesia,2022,299356,0.73,78.2,1.81,78.4,12.4
Gabon,2022,2340613,2.4,9.1,3.31,69.7,41.7
"Gambia, The",2022,2413403,2.29,238.5,3.79,67.6,59
Gaza Strip,2022,2055000,2.11,"5,708.30",3.5,74.1,20.1
Georgia,2022,4956585,-0.62,71.1,1.97,71.8,25.6
Germany,2022,84316622,-0.11,241.8,1.57,81.5,3.9
Ghana,2022,33107275,2.23,145.5,3.66,69.4,45.1
Gibraltar,2022,29573,0.19,"4,224.70",1.9,80.4,7.3
Greece,2022,10533871,-0.34,80.6,1.4,81.5,4.1
Greenland,2022,57792,-0.02,0,1.91,74,11
Grenada,2022,113949,0.32,331.2,1.93,75.7,13
Guam,2022,169086,0.16,310.8,2.78,77.5,12.8
Guatemala,2022,17703190,1.58,165.2,2.62,72.9,33.9
Guernsey,2022,67491,0.23,865.3,1.58,83.2,3.9
Guinea,2022,13237832,2.76,53.9,4.85,63.9,73.9
Guinea-Bissau,2022,2026778,2.53,72.1,4.69,63.7,72.7
Guyana,2022,789683,0.24,4,2.06,71.9,26.4
Haiti,2022,11469719,1.22,416.2,2.54,64,53.8
Honduras,2022,9288934,1.26,83,2.4,70.6,17.4
Hong Kong,2022,7276588,0.17,"6,781.50",1.22,83.6,3.4
Hungary,2022,9920415,-0.37,110.7,1.59,74.7,6
Iceland,2022,357603,0.93,3.6,1.95,83.6,2.6
India,2022,1389637446,0.67,467.4,2.1,67.2,34.1
Indonesia,2022,277329163,0.79,153.1,2.01,73.1,23.5
Iran,2022,86758304,0.98,56.6,1.93,75.3,17.1
Iraq,2022,40462701,2,92.5,3.25,73.2,23.5
Ireland,2022,5120464,1.25,74.3,1.72,82.4,3.4
Isle of Man,2022,91382,0.52,159.8,1.89,82,5
Israel,2022,9111963,1.58,423.9,2.97,82.1,3.9
Italy,2022,61095551,-0.13,207.7,1.22,82.6,3.7
Jamaica,2022,2818596,0.08,260.2,2.06,75.8,13
Japan,2022,124214766,-0.39,340.8,1.38,84.8,2.5
Jersey,2022,102146,0.64,880.6,1.66,82.6,4.5
Jordan,2022,10998531,0.81,123.9,2.96,76,16.1
Kazakhstan,2022,19898174,0.94,7.4,2.59,72.8,10
Kenya,2022,55864655,2.12,98.2,3.29,69.7,38.2
Kiribati,2022,114189,1.04,140.8,2.2,67.9,42.6
"Korea, North",2022,26086544,0.43,216.7,1.83,72.9,21
"Korea, South",2022,51844834,0.24,534.9,1.1,83,3.5
Kosovo,2022,1952701,0.57,179.4,1.9,71.1,34.3
Kuwait,2022,3068155,1.17,172.2,2.24,79.1,9.1
Kyrgyzstan,2022,6071750,0.86,31.7,2.5,72.4,29
Laos,2022,7749595,1.34,33.6,2.35,68.2,47.4
Latvia,2022,1842226,-1.11,29.6,1.54,75.9,6.1
Lebanon,2022,5296814,0.66,517.8,1.71,78.8,7.8
Lesotho,2022,2193970,0.76,72.3,2.92,59.6,63.6
Liberia,2022,5186066,2.41,53.8,4.12,61,76
Libya,2022,7137931,1.65,4.1,3.09,77.2,12.9
Liechtenstein,2022,39711,0.72,248.2,1.69,82.6,4.9
Lithuania,2022,2683546,-1.04,42.8,1.61,75.8,4.3
Luxembourg,2022,650364,1.64,251.5,1.63,83,3.7
Macau,2022,635293,0.75,"22,689.00",1.22,85,5.3
Madagascar,2022,28172462,2.27,48.4,3.62,68.2,55.9
Malawi,2022,20794353,2.34,221,3.4,72.4,55.5
Malaysia,2022,33871431,1.03,103.1,1.75,76.1,8.1
Maldives,2022,390164,-0.14,"1,309.30",1.71,76.9,33.2
Mali,2022,20741769,2.95,17,5.54,62.4,95
Malta,2022,464186,0.67,"1,468.90",1.5,83.2,5.7
Marshall Islands,2022,79906,1.34,441.5,2.76,74.7,26.4
Mauritania,2022,4161925,1.99,4,3.53,65.2,78
Mauritius,2022,1308222,0.1,644.4,1.35,74.9,14.3
Mexico,2022,129150971,0.51,66.4,1.68,72.3,13.6
"Micronesia, Federated States of",2022,101009,-0.67,143.9,2.24,74.4,26.7
Moldova,2022,3592090,2.16,109.2,1.24,69.4,16.7
Monaco,2022,31400,0.6,"15,700.00",1.53,89.5,2
Mongolia,2022,3227863,0.88,2.1,1.91,71.4,24.2
Montenegro,2022,604966,-0.41,45,1.81,77.8,3.6
Montserrat,2022,5414,0.5,53.1,1.32,75.7,11.8
Morocco,2022,36738229,0.91,51.3,2.29,73.7,22.9
Mozambique,2022,31693239,2.56,40.3,4.81,57.1,94.1
Namibia,2022,2712364,1.58,3.3,2.98,61.5,45
Nauru,2022,9811,0.42,467.2,2.62,67.9,10.4
Nepal,2022,30666598,0.78,213.9,1.9,72.4,31.1
Netherlands,2022,17601564,0.57,519.3,1.61,81.5,4.3
New Caledonia,2022,297160,1.19,16.3,1.86,78.8,8.9
New Zealand,2022,5053004,1.17,19.1,1.86,82.5,4.1
Nicaragua,2022,6548489,1,54.6,1.87,74.3,17.5
Niger,2022,24484587,3.66,19.3,6.82,60.1,104.7
Nigeria,2022,225082083,2.53,247.1,4.62,61.3,86
North Macedonia,2022,2130936,0.12,83.8,1.51,76.8,8.4
Northern Mariana Islands,2022,51475,-0.35,109.1,2.63,76.6,14.3
Norway,2022,5443828,0.61,17.9,1.56,83.1,2.2
Oman,2022,3764348,1.84,12.2,2.7,76.9,19.2
Pakistan,2022,242923845,1.95,315.1,3.46,69.7,68.9
Palau,2022,21695,0.39,47.3,1.7,74.6,13.6
Panama,2022,4337768,1.53,58.4,2.39,77.6,21.3
Papua New Guinea,2022,9593498,2.35,21.2,3.92,69.4,41.6
Paraguay,2022,7356409,1.14,18.5,1.89,78.4,29.6
Peru,2022,32275736,0.51,25.2,2.2,68.9,13.9
Philippines,2022,114597229,1.6,384.3,2.78,70.1,28.6
Poland,2022,38699570,3.33,127.2,1.31,74.7,6.4
Portugal,2022,10242081,-0.2,112,1.43,81.5,3.1
Puerto Rico,2022,3098423,-1.38,349.4,1.24,81.7,6.6
Qatar,2022,2508182,1.04,216.5,1.9,79.8,9.3
Romania,2022,18519899,-1.09,80.6,1.63,75.8,6.9
Russia,2022,142183583,-0.47,8.7,1.51,71.8,8.4
Rwanda,2022,13173730,1.74,534,3.33,65.9,34.8
Saint Barthelemy,2022,7103,-0.16,284.1,1.64,80.6,8.3
"Saint Helena, Ascension, and Tristan da Cunha",2022,7925,0.13,20.1,1.6,80.5,22.1
Saint Kitts and Nevis,2022,54488,0.61,208.8,1.76,77.1,15.1
Saint Lucia,2022,167122,0.29,275.8,1.72,79,13.3
Saint Martin,2022,32792,0.33,607.3,1.8,80.6,8.3
Saint Pierre and Miquelon,2022,5257,-1.2,21.7,1.59,81.4,9.4
Saint Vincent and the Grenadines,2022,100969,-0.17,259.6,1.75,76.7,18.3
Samoa,2022,206179,0.63,73.1,2.42,75.2,22.6
San Marino,2022,34682,0.61,568.6,1.53,83.9,7.1
Sao Tome and Principe,2022,217164,1.48,225.3,3.56,67.1,66.6
Saudi Arabia,2022,35354380,1.63,16.4,1.92,76.7,14
Senegal,2022,17923036,2.57,93.1,4.27,70,45
Serbia,2022,6739471,-0.75,87,1.46,74.2,5.5
Seychelles,2022,97017,0.64,213.2,1.82,76.1,15.3
Sierra Leone,2022,8692606,2.49,121.4,3.8,58.8,98.6
Singapore,2022,5921231,0.92,"8,351.50",1.16,86.4,1.9
Sint Maarten,2022,45126,1.23,"1,327.20",1.99,79.3,9
Slovakia,2022,5527637,1.64,114.9,1.6,76,6.7
Slovenia,2022,2101208,-0.06,104.3,1.6,81.8,2
Solomon Islands,2022,702694,1.72,25.1,2.87,76.7,25.5
Somalia,2022,12386248,2.42,19.7,5.31,55.7,141.2
South Africa,2022,59150970,1.09,48.7,2.34,70.1,29.7
South Sudan,2022,11544905,4.91,17.9,5.32,59.2,98.3
Spain,2022,47163418,0.13,94.5,1.27,82.6,3
Sri Lanka,2022,21737500,0.73,336.3,2.16,76.5,8
Sudan,2022,47958856,2.55,25.8,4.6,67.1,62.1
Suriname,2022,632638,1.13,4.1,1.92,72.4,39.1
Sweden,2022,10483647,0.5,25.5,1.67,82.7,2.7
Switzerland,2022,8724310,0.8,218.1,1.58,83.7,3.6
Syria,2022,21563800,5.91,116,2.8,74.3,18.2
Taiwan,2022,23580712,0.04,731,1.08,81.2,4.7
Tajikistan,2022,9997683,1.98,70.7,3.64,70.3,29.9
Tanzania,2022,63852892,2.78,72.1,4.39,70.2,43.2
Thailand,2022,69648117,0.23,136.3,1.54,77.7,8.7
Timor-Leste,2022,1445006,2.15,97.1,4.21,69.9,42.7
Togo,2022,8492333,2.48,156.2,4.23,71.4,59.6
Tonga,2022,105517,-0.26,147.2,2.76,77.5,14.4
Trinidad and Tobago,2022,1405646,0.14,274.1,1.63,75.9,18.7
Tunisia,2022,11896972,0.69,76.6,2,76.8,13.5
Turkey,2022,83047706,0.67,107.9,1.93,76.2,22.2
Turkmenistan,2022,5636011,0.99,12,2.03,71.8,45.8
Turks and Caicos Islands,2022,58286,1.86,61.5,1.7,80.8,14
Tuvalu,2022,11544,0.83,444,2.83,68.4,47.3
Uganda,2022,46205893,3.27,234.4,5.36,69,42
Ukraine,2022,38648861,-21.86,66.7,1.22,69.1,11.3
United Arab Emirates,2022,9915803,0.58,118.6,1.64,79.6,5.6
United Kingdom,2022,67791400,0.53,280.2,1.63,81.9,4.4
United States,2022,333287557,0.38,36.4,--,--,--
Uruguay,2022,3407213,0.27,19.5,1.76,78.4,10.6
Uzbekistan,2022,35364371,1.8,83.1,3.08,75.4,24.3
Vanuatu,2022,308043,1.63,25.3,2.66,75.1,16.8
Venezuela,2022,29789730,2.43,33.8,2.22,73.3,21.2
Vietnam,2022,103808319,0.97,334.8,2.05,75.5,19
"Virgin Islands, British",2022,38632,1.91,255.8,1.35,79.7,15.3
"Virgin Islands, U.S.",2022,105413,-0.45,302.9,2,80.3,8.5
Wallis and Futuna,2022,15891,0.25,111.9,1.71,80.7,4.5
West Bank,2022,3110249,2.12,551.5,3.6,75.2,20.3
Yemen,2022,30984689,1.88,58.7,3.01,67.5,61.9
Zambia,2022,19642123,2.9,26.4,4.56,66.3,53.4
Zimbabwe,2022,16481694,2.07,42.6,3.56,66.4,49.5
 -> 2023,,--,--,--,--,--,--
Afghanistan,2023,39232003,2.26,60.2,4.53,54.1,151.3
Albania,2023,3101621,0.19,113.2,1.55,79.7,12.3
Algeria,2023,46286076,1.62,19.4,2.97,77.8,21.7
American Samoa,2023,44620,-1.74,225.4,2.13,75.6,12.4
Andorra,2023,85468,-0.11,182.6,1.46,83.6,4.1
Angola,2023,35981281,3.34,28.9,5.76,62.5,87.1
Anguilla,2023,19079,1.77,209.7,1.72,82.4,4.4
Antigua and Barbuda,2023,101489,1.13,229.1,1.94,78,16.8
Argentina,2023,46621847,0.8,17,2.17,78.6,10.8
Armenia,2023,2989091,-0.4,106,1.65,76.4,13.5
Aruba,2023,123702,1.11,687.2,1.82,78.3,13.7
Australia,2023,26461166,1.19,3.4,1.73,83.3,3.6
Austria,2023,8940860,0.31,108.4,1.51,82.5,3.8
Azerbaijan,2023,10604731,0.43,128.3,1.69,74.9,13.4
"Bahamas, The",2023,406513,1.06,40.6,1.44,76.2,11.1
Bahrain,2023,1553886,0.85,"2,044.60",1.66,80.1,11.9
Bangladesh,2023,167184465,0.91,"1,284.40",2.08,75,36.4
Barbados,2023,303431,0.24,705.7,1.7,78.8,11.9
Belarus,2023,9539576,-0.39,47,1.45,74.6,3.3
Belgium,2023,11913633,0.55,393.5,1.77,82.1,3.9
Belize,2023,409728,1.47,18,2.08,73.7,13.1
Benin,2023,14219908,3.31,128.5,5.39,62.6,81.8
Bermuda,2023,72576,0.32,"1,344.00",1.89,82.3,2.9
Bhutan,2023,876181,0.96,22.8,1.77,73,32.8
Bolivia,2023,12186079,1.06,11.2,2.26,72.5,27.7
Bosnia and Herzegovina,2023,3807764,-0.23,74.4,1.37,78.2,5.8
Botswana,2023,2417596,1.37,4.3,2.37,66,31.2
Brazil,2023,218689757,0.64,26.2,1.75,76.1,16.5
Brunei,2023,484991,1.43,92.1,1.74,78.6,11.8
Bulgaria,2023,6827736,-0.66,62.9,1.51,75.8,9.2
Burkina Faso,2023,22489126,2.46,82.1,4.14,63.8,78.9
Burma,2023,57113554,0.73,87.4,2,69.8,41.6
Burundi,2023,13162952,3.59,512.6,4.96,67.8,52.1
Cabo Verde,2023,603901,1.19,149.7,2.11,74,28
Cambodia,2023,16891245,1.04,95.7,2.2,71,38.4
Cameroon,2023,30135732,2.73,63.8,4.5,63.7,70.8
Canada,2023,38516736,0.73,4.2,1.57,84,5
Cayman Islands,2023,65483,1.79,248,1.82,82.3,8.7
Central African Republic,2023,5552228,1.77,8.9,3.99,56,122.6
Chad,2023,18523165,3.05,14.7,5.35,59.6,105.3
Chile,2023,18549457,0.63,24.9,1.75,80,7.5
China,2023,1413142846,0.18,151.5,1.45,78.2,7.6
Colombia,2023,49336454,0.54,47.5,1.94,74.9,13.8
Comoros,2023,888378,1.34,397.5,2.69,67.5,77
Congo (Brazzaville),2023,5953730,2.4,17.4,3.86,72.2,44.2
Congo (Kinshasa),2023,111859928,3.13,49.3,5.56,62.2,78.6
Cook Islands,2023,7939,-2.31,33.6,2.04,77.4,18.6
Costa Rica,2023,5227260,0.72,102.4,1.4,79.6,8
Croatia,2023,4169239,-0.47,74.5,1.46,77.5,10.3
Cuba,2023,10985974,-0.19,100,1.71,79.9,5.1
Curaçao,2023,152849,0.3,344.3,1.97,79.7,8.7
Cyprus,2023,1308120,1,141.6,1.48,80,9.3
Czechia,2023,10830412,0.1,140.2,1.74,78.3,3.2
Côte d'Ivoire,2023,29344847,2.16,92.3,3.47,62.7,73.7
Denmark,2023,5946984,0.44,140.1,1.77,81.9,3.5
Djibouti,2023,976143,1.93,42.1,2.13,65.6,61.9
Dominica,2023,74656,0.02,99.4,2.01,78.5,12.7
Dominican Republic,2023,10735614,0.73,222.2,2.13,71.9,27.1
Ecuador,2023,18134133,0.99,73,2.24,74.9,14
Egypt,2023,109546720,1.59,110,2.76,74.7,20.3
El Salvador,2023,6602370,0.46,318.6,2.04,75.6,13.7
Equatorial Guinea,2023,1737695,3.36,61.9,4.19,63.8,105.8
Eritrea,2023,6274796,1.08,62.1,3.5,67.2,58.4
Estonia,2023,1202762,-0.74,28.4,1.62,78.1,4
Eswatini,2023,1130043,0.72,65.7,2.41,60.2,48.7
Ethiopia,2023,115757473,2.4,105.6,3.92,67.1,47.5
Faroe Islands,2023,52600,0.63,37.8,2.28,81.5,7.3
Fiji,2023,947760,0.42,51.9,2.23,74.5,16.4
Finland,2023,5614571,0.22,18.5,1.74,82,2.5
France,2023,68235759,0.21,106.5,1.9,82.5,4.2
French Polynesia,2023,301488,0.7,78.8,1.8,78.7,12.1
Gabon,2023,2397368,2.39,9.3,3.26,70,40.3
"Gambia, The",2023,2468569,2.23,243.9,3.66,68,57.6
Gaza Strip,2023,2098389,2.07,"5,828.90",3.38,74.8,18.9
Georgia,2023,4927228,-0.57,70.7,1.96,72.3,24.7
Germany,2023,84220184,-0.12,241.5,1.58,81.7,3.8
Ghana,2023,33846114,2.19,148.8,3.61,69.7,44
Gibraltar,2023,29629,0.19,"4,232.70",1.9,80.7,7.2
Greece,2023,10497595,-0.35,80.4,1.4,81.7,4.1
Greenland,2023,57777,-0.04,0,1.9,74.3,10.8
Grenada,2023,114299,0.29,332.3,1.92,76,12.7
Guam,2023,169330,0.13,311.3,2.76,77.7,12.5
Guatemala,2023,17980803,1.54,167.8,2.57,73.2,33.1
Guernsey,2023,67642,0.22,867.2,1.59,83.4,3.8
Guinea,2023,13607249,2.75,55.4,4.82,64.3,71.7
Guinea-Bissau,2023,2078820,2.54,73.9,4.65,64.1,70.4
Guyana,2023,791739,0.28,4,2.06,72.2,25.7
Haiti,2023,11610604,1.23,421.3,2.49,64.8,51.2
Honduras,2023,9407652,1.28,84.1,2.37,71.9,17.4
Hong Kong,2023,7288167,0.15,"6,792.30",1.23,83.8,3.4
Hungary,2023,9885834,-0.33,110.3,1.59,75.3,5.8
Iceland,2023,360872,0.89,3.6,1.95,83.8,2.5
India,2023,1399179585,0.7,470.6,2.07,67.7,34.2
Indonesia,2023,279476346,0.76,154.3,1.99,73.3,23
Iran,2023,87590873,0.93,57.2,1.92,75.4,16.8
Iraq,2023,41266109,1.94,94.4,3.17,73.5,23
Ireland,2023,5180761,1.09,75.2,1.72,82.2,3.5
Isle of Man,2023,91840,0.48,160.6,1.88,82.3,4.9
Israel,2023,9256230,1.56,430.6,2.94,82.2,3.9
Italy,2023,61021855,-0.11,207.5,1.24,82.8,3.7
Jamaica,2023,2820982,0.09,260.5,2.05,76,12.7
Japan,2023,123719238,-0.41,339.4,1.39,85,2.5
Jersey,2023,102785,0.61,886.1,1.66,82.8,4.4
Jordan,2023,11086716,0.79,124.8,2.91,76.3,15.7
Kazakhstan,2023,20082154,0.9,7.4,2.59,73,9.9
Kenya,2023,57052004,2.09,100.2,3.23,70,36.8
Kiribati,2023,115372,1.02,142.3,2.18,68.2,41.6
"Korea, North",2023,26194769,0.4,217.6,1.82,72.9,21
"Korea, South",2023,51966948,0.23,536.2,1.11,83.2,3.4
Kosovo,2023,1964327,0.62,180.4,1.88,72.2,31.4
Kuwait,2023,3103580,1.13,174.2,2.22,79.4,8.9
Kyrgyzstan,2023,6122781,0.82,31.9,2.47,72.6,28.3
Laos,2023,7852377,1.3,34,2.3,68.6,45.8
Latvia,2023,1821750,-1.13,29.3,1.55,76.2,6
Lebanon,2023,5331203,0.64,521.1,1.71,79,7.6
Lesotho,2023,2210646,0.76,72.8,2.88,59.9,61.6
Liberia,2023,5311296,2.37,55.1,4.03,61.3,75.3
Libya,2023,7252573,1.54,4.1,3.04,77.4,12.6
Liechtenstein,2023,39993,0.7,250,1.69,82.8,4.8
Lithuania,2023,2655755,-1.04,42.4,1.61,76,4.3
Luxembourg,2023,660924,1.58,255.6,1.63,83.2,3.7
Macau,2023,639971,0.71,"22,856.10",1.23,85.2,5.2
Madagascar,2023,28812195,2.22,49.5,3.55,68.5,54.7
Malawi,2023,21279597,2.28,226.2,3.3,72.7,54.1
Malaysia,2023,34219975,1.01,104.1,1.74,76.4,7.9
Maldives,2023,389568,-0.17,"1,307.30",1.7,77.2,32.3
Mali,2023,21359722,2.93,17.5,5.45,62.8,91.9
Malta,2023,467138,0.59,"1,478.30",1.51,83.4,5.6
Marshall Islands,2023,80966,1.3,447.3,2.72,74.9,25.7
Mauritania,2023,4244878,1.96,4.1,3.46,65.6,76.3
Mauritius,2023,1309448,0.09,645,1.35,75.1,14
Mexico,2023,129875529,0.61,66.8,1.73,73.5,13.8
"Micronesia, Federated States of",2023,100319,-0.7,142.9,2.22,74.7,26.1
Moldova,2023,3620399,-0.58,110.1,1.25,69.7,16.3
Monaco,2023,31597,0.66,"15,798.50",1.53,89.6,2
Mongolia,2023,3255468,0.83,2.1,1.89,71.7,23.7
Montenegro,2023,602445,-0.43,44.8,1.81,78,3.6
Montserrat,2023,5440,0.46,53.3,1.32,75.9,11.4
Morocco,2023,37067420,0.88,51.7,2.27,74,22.3
Mozambique,2023,32513805,2.55,41.3,4.74,57.7,91.4
Namibia,2023,2756722,1.66,3.3,2.94,63.7,41.8
Nauru,2023,9852,0.42,469.1,2.58,68.3,10.2
Nepal,2023,30899443,0.74,215.6,1.88,72.7,30.3
Netherlands,2023,17694798,0.48,522.1,1.61,81.7,4.3
New Caledonia,2023,300682,1.17,16.5,1.84,79.1,8.7
New Zealand,2023,5109702,1.06,19.3,1.86,82.7,4.1
Nicaragua,2023,6613274,0.97,55.1,1.85,74.5,17.1
Niger,2023,25396840,3.66,20,6.73,60.5,102.5
Nigeria,2023,230842743,2.53,253.5,4.57,61.8,83.4
North Macedonia,2023,2133410,0.11,83.9,1.52,77.1,8.2
Northern Mariana Islands,2023,51295,-0.35,108.7,2.59,76.8,13.9
Norway,2023,5477028,0.6,18,1.57,83,2.2
Oman,2023,3833465,1.8,12.4,2.67,77.2,18.7
Pakistan,2023,247653551,1.91,321.3,3.39,70,67.2
Palau,2023,21779,0.39,47.4,1.7,74.9,13.3
Panama,2023,4404108,1.51,59.2,2.37,78.4,19.7
Papua New Guinea,2023,9819350,2.31,21.7,3.85,69.7,40.6
Paraguay,2023,7439863,1.12,18.7,1.88,78.6,28.8
Peru,2023,32440172,0.5,25.3,2.18,68.9,13.9
Philippines,2023,116434200,1.58,390.5,2.77,70.5,28.4
Poland,2023,39142267,-1.03,128.6,1.31,75.8,6
Portugal,2023,10223150,-0.17,111.8,1.44,81.7,3
Puerto Rico,2023,3057311,-1.29,344.7,1.25,81.9,6.4
Qatar,2023,2532104,0.86,218.5,1.9,80,9
Romania,2023,18326327,-1.01,79.7,1.63,76.3,6.7
Russia,2023,141505279,-0.48,8.6,1.51,72,8.3
Rwanda,2023,13400541,1.68,543.2,3.23,66.2,33.7
Saint Barthelemy,2023,7093,-0.11,283.7,1.64,80.8,8.1
"Saint Helena, Ascension, and Tristan da Cunha",2023,7935,0.11,20.1,1.61,80.7,21.5
Saint Kitts and Nevis,2023,54817,0.59,210,1.76,77.3,14.7
Saint Lucia,2023,167591,0.27,276.6,1.72,79.2,13
Saint Martin,2023,32897,0.31,609.2,1.8,80.8,8.1
Saint Pierre and Miquelon,2023,5195,-1.19,21.5,1.59,81.6,9.2
Saint Vincent and the Grenadines,2023,100804,-0.16,259.1,1.74,76.9,17.9
Samoa,2023,207501,0.65,73.6,2.37,75.5,21.9
San Marino,2023,34892,0.59,572,1.53,84.1,6.9
Sao Tome and Principe,2023,220372,1.45,228.6,3.44,67.4,65.1
Saudi Arabia,2023,35939806,1.65,16.7,1.89,76.9,13.7
Senegal,2023,18384660,2.52,95.5,4.17,70.3,44
Serbia,2023,6693375,-0.63,86.4,1.46,75.1,5.2
Seychelles,2023,97617,0.6,214.5,1.81,76.4,15
Sierra Leone,2023,8908040,2.41,124.4,3.71,59.1,97
Singapore,2023,5975383,0.9,"8,427.90",1.17,86.5,1.9
Sint Maarten,2023,45677,1.19,"1,343.40",1.98,79.5,8.8
Slovakia,2023,5569395,-0.13,115.8,1.6,76.6,6.4
Slovenia,2023,2099790,-0.08,104.2,1.6,82,2
Solomon Islands,2023,714766,1.69,25.5,2.82,77,24.9
Somalia,2023,12693796,2.49,20.2,5.22,56.1,138.6
South Africa,2023,59795503,1.08,49.2,2.31,71,27.7
South Sudan,2023,12118379,4.78,18.8,5.2,59.7,95.4
Spain,2023,47222613,0.12,94.6,1.29,82.8,2.9
Sri Lanka,2023,21877904,0.56,338.5,2.14,76.6,8
Sudan,2023,49197555,2.55,26.4,4.54,67.5,60.7
Suriname,2023,639759,1.11,4.1,1.91,72.6,38.7
Sweden,2023,10536338,0.51,25.7,1.67,82.8,2.7
Switzerland,2023,8793404,0.78,219.9,1.59,83.8,3.6
Syria,2023,22933531,6.39,123.4,2.74,74.6,17.8
Taiwan,2023,23588613,0.03,731.2,1.09,81.4,4.7
Tajikistan,2023,10195445,1.94,72,3.6,71.1,28
Tanzania,2023,65642682,2.75,74.1,4.33,70.5,42.3
Thailand,2023,69794997,0.2,136.6,1.54,77.9,8.5
Timor-Leste,2023,1476042,2.1,99.2,4.09,70.2,41.7
Togo,2023,8703961,2.45,160,4.18,71.7,57.3
Tonga,2023,105221,-0.3,146.8,2.7,77.8,14.1
Trinidad and Tobago,2023,1407460,0.12,274.5,1.63,76.2,18.2
Tunisia,2023,11976182,0.63,77.1,1.96,77.1,13.2
Turkey,2023,83593483,0.64,108.6,1.91,76.5,21.6
Turkmenistan,2023,5690818,0.95,12.1,2.03,72.1,44.6
Turks and Caicos Islands,2023,59367,1.81,62.6,1.7,81,13.7
Tuvalu,2023,11639,0.81,447.7,2.81,68.7,46.2
Uganda,2023,47729952,3.22,242.2,5.26,69.3,40.5
Ukraine,2023,34831102,2.33,60.1,1.22,69.8,10.9
United Arab Emirates,2023,9973449,0.58,119.3,1.62,79.8,5.5
United Kingdom,2023,68138484,0.49,281.6,1.63,82.1,4.3
United States,2023,339665118,0.68,37.1,1.84,80.8,6.2
Uruguay,2023,3416264,0.27,19.5,1.75,78.7,10.3
Uzbekistan,2023,35971103,1.61,84.6,2.92,75.8,23.4
Vanuatu,2023,313046,1.59,25.7,2.59,75.4,16.4
Venezuela,2023,30518260,2.4,34.6,2.2,74.3,16.7
Vietnam,2023,104799174,0.93,338,2.04,75.8,18.6
"Virgin Islands, British",2023,39369,1.87,260.7,1.37,79.9,14.9
"Virgin Islands, U.S.",2023,104917,-0.49,301.5,1.98,80.5,8.3
Wallis and Futuna,2023,15929,0.23,112.2,1.71,80.9,4.4
West Bank,2023,3176549,2.1,563.2,3.54,75.9,19.1
Yemen,2023,31565602,1.83,59.8,2.91,67.8,60.5
Zambia,2023,20216029,2.86,27.2,4.49,66.6,52.3
Zimbabwe,2023,16819805,1.99,43.5,3.51,66.8,48.7